Term,Title,URL
Veterans Day,Veterans Day,https://en.wikipedia.org/wiki/Veterans_Day
Veterans Day,"Veterans Day, 2025 - The White House",https://www.whitehouse.gov/presidential-actions/2025/11/veterans-day-2025/
Veterans Day,Here's what's open and closed on Veterans Day - CNN,https://www.cnn.com/2025/11/11/business/veterans-daywhats-open-closed
Veterans Day,Veterans Day Facts and Information - U.S. Department of Veterans Affairs,https://department.va.gov/veterans-day/facts-and-information/
Veterans Day,"Veterans Day | History, Meaning, & Facts | Britannica",https://www.britannica.com/topic/Veterans-Day
Veterans Day,"Veterans Day 2025: History, Meaning, and 10 Ways to Honor U.S. Veterans",https://www.almanac.com/veterans-day
Veterans Day,Is Veterans Day a federal holiday? - USA TODAY,https://www.usatoday.com/story/news/nation/2025/11/10/veterans-day-federal-holiday-nyc-parade-2025/87195973007/
Veterans Day,Why do we celebrate Veterans Day? How it originated from World War I,https://www.statesman.com/news/article/veterans-day-why-celebrate-history-origin-ceremony-21152409.php
Veterans Day,What is the purpose of Veterans Day? Here's what to know,https://www.providencejournal.com/story/entertainment/holiday/2025/11/11/what-is-the-purpose-of-veterans-day-what-was-the-original-name/87194970007/
Veterans Day,See what's opened and closed on Veterans Day 2025 - CBS News,https://www.cbsnews.com/news/veterans-day-stores-banks-opened-closed-nov-11-2025/
Veterans Day,Veterans Day : 250 Years Of Military And Business Innovation,https://www.forbes.com/sites/thomasbostick/2025/11/10/veterans-day-250-years-of-military-and-business-innovation/
Veterans Day,5 Facts to Deepen Your Appreciation of Veterans Day - Dr. James...,https://www.crosswalk.com/headlines/contributors/dr-james-emery-white/5-facts-to-deepen-your-appreciation-of-veterans-day.html
Veterans Day,NYC’s 106th Veterans Day Parade celebrates 250 years of US military...,https://nypost.com/2025/11/10/us-news/nycs-106th-veterans-day-parade-celebrates-250-years-of-us-military-service-with-3-grand-marshals-including-once-stranded-nasa-astronaut/
Veterans Day,Is US stock market open on Veterans Day 2025: Veterans Day 2025...,https://economictimes.indiatimes.com/news/international/us/veterans-day-2025-is-us-stock-market-open-today-is-veterans-day-a-bank-holiday-heres-whats-open-and-closed-from-banks-and-usps-mail-delivery-november-11/articleshow/125245500.cms
Veterans Day,"Opinion | On Veterans Day , This Is the Lonely, Terrible Sorrow We...",https://www.nytimes.com/2025/11/11/opinion/veterans-day-world-war-ii.html
Veterans Day,Veterans Day 2025 Doodle - Google Doodles,https://doodles.google/doodle/veterans-day-2025/
Veterans Day,What is Veterans Day and why do we celebrate it? Origin and meaning,https://en.as.com/latest_news/what-is-veterans-day-and-why-do-we-celebrate-it-origin-and-meaning-f202511-n/
Veterans Day,How to watch Tuesday's 2025 Veterans Day Parade in NYC,https://www.fox5ny.com/news/nyc-veterans-day-parade-2025-road-closures-route
Veterans Day,Veterans Day - NPS Commemorations and Celebrations (U.S.,https://www.nps.gov/subjects/npscelebrates/veterans-day.htm
Veterans Day,Veterans Day 2024 | Military.com,https://www.military.com/veterans-day
Packers,Packers,https://en.wikipedia.org/wiki/Packers
Packers,Wikipedia Green Bay Packers - Wikipedia,https://en.wikipedia.org/wiki/Green_Bay_Packers
Packers,Packers Home | Green Bay Packers – packers.com,https://www.packers.com/
Packers,"ESPN Green Bay Packers Scores, Stats and Highlights - ESPN",https://www.espn.com/nfl/team/_/name/gb/green-bay-packers
Packers,"CBSSports.com Eagles def. Packers: Final score, takeaways and highlights - CBS Sports",https://www.cbssports.com/nfl/news/eagles-packers-live-updates-score-highlights-analysis/live/
Packers,"Green Bay Packers News, Scores, Stats, Schedule | NFL.com",https://www.nfl.com/teams/packers/
Packers,"Green Bay Packers News, Scores, and Stats | Packers Wire",https://packerswire.usatoday.com/
Packers,"Green Bay Packers News, Stats & Schedule – Sports Illustrated",https://www.si.com/nfl/packers
Packers,Green Bay Packers News and Fan Community - Lombardi Ave,https://lombardiave.com/
Packers,X Green Bay Packers (@packers) / X,https://x.com/packers
Packers,Instagram Green Bay Packers (@packers) • Instagram photos and videos,https://www.instagram.com/packers/
Packers,Facebook Green Bay Packers | Facebook,https://www.facebook.com/Packers/
Packers,ESPN Green Bay Packers 2025 NFL Depth Chart - ESPN,https://www.espn.com/nfl/team/depth/_/name/gb/green-bay-packers
Packers,Sports Illustrated Four Key Packers Return to Practice and New Development at Kicker,https://www.si.com/nfl/packers/onsi/four-key-packers-return-to-practice-and-new-development-at-kicker
Packers,Sports Illustrated Packers Make Interesting Roster Decision Before Playing Eagles,https://www.si.com/nfl/packers/onsi/packers-make-interesting-roster-decision-before-playing-eagles
Packers,Newsweek Report: Packers Attempting to Pull Off Trade With Raiders - Newsweek,https://www.newsweek.com/sports/nfl/green-bay-packers-attempting-trade-las-vegas-raiders-10991428
Packers,ESPN Green Bay Packers 2025 Regular Season NFL Schedule - ESPN,https://www.espn.com/nfl/team/schedule/_/name/gb/green-bay-packers
Packers,NYTimes Eagles edge Packers in defensive slugfest at Lambeau Field: Live updates and reaction from NFL ‘Monday Night Football’ - The Athletic,https://www.nytimes.com/athletic/live-blogs/eagles-vs-packers-live-score-updates-nfl-mnf-result/JObyRBa2u6cA/
Packers,NFL Eagles vs. Packers Week 10 inactives: Players ruled out for Monday's game,https://www.nfl.com/news/eagles-vs-packers-week-10-inactives-players-ruled-out-for-monday-s-game
Packers,"NFL Green Bay Packers News, Scores, Stats, Schedule | NFL.com",https://www.nfl.com/teams/green-bay-packers/
#WWERaw,WWE Raw,https://en.wikipedia.org/wiki/WWE_Raw
#WWERaw,Number sign - Wikipedia,https://en.wikipedia.org/wiki/Number_sign
#WWERaw,"For once, Logan Paul actually made the right decision!! #WWERaw",https://www.youtube.com/watch?v=nUchdOgEWos
#WWERaw,"wweraw, wweraw - Free Online Games",https://www.fukgames.com/free-games/22537/wweraw
#WWERaw,WWERaw | Post To Post Sport,https://posttopost.sport.blog/tag/wweraw/
#WWERaw,Wweraw xnxx free tube - watch and download Wweraw xnxx porno,https://pornonaft.net/tube/wweraw-xnxx/
#WWERaw,Wweraw Xxx Porn,https://antarvasnavideos.pro/vids/24616-wweraw-xxx/
#WWERaw,wweraw – Fatal Four Podcasts,https://fatalfourpod.com/tag/wweraw/
#WWERaw,WWERaw | DestroyRepeat,https://destroyrepeat.com/tag/wweraw/
#WWERaw,wweraw – The Guy Blog,https://theguyblog.com/tag/wweraw/
#WWERaw,WWERaw,https://heelbynature.com/tag/wweraw/
#WWERaw,Surprise! #WWERaw 10/28/02,https://www.ispn24.com/surprise-wweraw-102802_cb85e94b6.html
#WWERaw,The A-Lister brought his A-game on #WWERaw!,https://www.ispn24.com/the-a-lister-brought-his-a-game-on-wweraw_2a30bf9c5.html
#WWERaw,Raw | WWE,https://www.wwe.com/shows/raw
#WWERaw,Number sign | Meaning & Symbol | Britannica,https://www.britannica.com/topic/number-sign
#WWERaw,Number Sign - Rules and Examples - GRAMMARIST,https://grammarist.com/punctuation/number-sign/
#WWERaw,"Number Sign (#): Definition, Examples & Quiz ...",https://ultimatelexicon.com/definitions/n/number-sign/
#WWERaw,Number Sign Symbol,https://www.symbols.com/symbol/number-sign
#WWERaw,number sign (\#) - Microsoft Style Guide | Microsoft Learn,https://learn.microsoft.com/en-us/style-guide/a-z-word-list-term-collections/n/number-sign
#WWERaw,"Number Sign #: Unicode, Alt Code, HTML, Copy & Paste",https://symbolwiki.com/en/number
Obamacare,Obamacare,https://en.wikipedia.org/wiki/Obamacare
Obamacare,Affordable Care Act - Wikipedia,https://en.wikipedia.org/wiki/Affordable_Care_Act
Obamacare,2025 ObamaCare Eligibility Chart and Subsidy Calculator,https://obamacarefacts.com/2025-obamacare-eligibility-chart-and-subsidy-calculator/
Obamacare,¿Qué es ObamaCare?,https://obamacarefacts.com/en-espanol/que-es-obamacare/
Obamacare,ObamaCare Subsidies,https://obamacarefacts.com/obamacare-subsidies/
Obamacare,ObamaCare Facts: Facts on the Affordable Care Act,https://obamacarefacts.com/obamacare-facts/
Obamacare,Cost of ObamaCare,https://obamacarefacts.com/costof-obamacare/
Obamacare,ObamaCare Facts - An Independent Site For ACA Advice,https://obamacarefacts.com/
Obamacare,Open Enrollment 2025 Dates and Deadlines - ObamaCare Facts,https://obamacarefacts.com/open-enrollment-2025-dates-and-deadlines/
Obamacare,How to Sign up For ObamaCare,https://obamacarefacts.com/obamacare-sign-up/
Obamacare,Premium Tax Credits - ObamaCare Facts,https://obamacarefacts.com/insurance-exchange/premium-tax-credits/
Obamacare,ObamaCare Summary : Obama Health Care Summary,https://obamacarefacts.com/obamacare-summary/
Obamacare,Obamacare 2025 Enrollment - Affordable Care Act 2025 Plans,https://www.bing.com/aclick?ld=e8tpNxsUBi_JfFm9fcQC_EYjVUCUxqdf8gGgSX011sdCjRxQOB2nDs5Jsj6vjVGzScuDsM5VS5CFEU2Jj0PAaaSfLuwQ2_3_oghvSV7GvKdAFifDbJGbCMGtScb3RCdl_4HUpFIybuoBfb0QWqRBAjRmdECAiPBgGdpCgIGh-XLjqgXAs5q_x8ZJQT64QqzwhgckyYDwhJKexUsRGNm3YcFQ77d2w&u=aHR0cHMlM2ElMmYlMmZwaWNraGVhbHRoaW5zdXJhbmNlLmNvbSUyZnJvdXRlciUyZiUzZnYlM2RiaW5neWFob28lMjZjJTNkQzIwMjgwJTI2Y2F0JTNkMzcyMzQ1MzExJTI2YSUzZDEyODg2Mjc5MzMxMDQzMTQlMjZhZCUzZDgwNTM5NDEzMTI4MTQ4JTI2ZXh0ZW5zaW9uX2lkJTNkJTI2ZGV2aWNlJTNkYyUyNm1vYmlsZSUzZCUyNmtleSUzZG9iYW1hY2FyZSUyNnN0JTNkT2JhbWFjYXJlJTI2bXQlM2RlJTI2YmlkX21hdGNoX3R5cGUlM2RiZSUyNmVtdCUzZG8lMjZsb2NfcGh5c2ljYWwlM2Q0ODc5MiUyNmxvY19pbnRlcmVzdCUzZCUyNm1zY2xraWQlM2QyNGE3MTcxZjJiNTgxM2Q5YmUwZjdlMGM2ZjM0YmE1ZQ&rlid=24a7171f2b5813d9be0f7e0c6f34ba5e
Obamacare,Obamacare - Obamacare 2026 New Plans,https://www.bing.com/aclick?ld=e8AeDgCDPr3HLoWVxX3cnIZjVUCUyEkWUS6cKMRyElF65ast5Ebv27AttdNT0_RsMKNqRBVQ3DXmqSbS_zhNGc0N5672dMjCUULQXT3oQZ9VUlUOpSmY7uevV32o7lCErmhveyrFE2M3IZocwEwRevEePmlHn6uGcmIxp0BoWCk8OCWzK6IMCPDa80nrJv8k7XsOhC6hmXCxr3nADniPhABKpZtpw&u=aHR0cHMlM2ElMmYlMmZ3d3cuYWZmb3JkYWJsZWhlYWx0aHBsYW5zLmNvbSUyZnF1b3RlcyUyZmhlYWx0aC1pbnN1cmFuY2UlM2ZzdWJpZCUzZDJBQjA4JTI2cGxhY2VtZW50JTNka3dkLTczNDYxNjQzMDY4MTY2JTNhbG9jLTQwOTUlMjZjbGljayUzZGFiNzA0NjFkZWE0ZTFiZjAyODIxMmYwZWFlMjIzODE0JTI2dXRtX3NvdXJjZV9wbGF0Zm9ybSUzZGJpbmclMjZ1dG1fbWVkaXVtJTNkMTE3NTM3OTc2ODM0NTAyNyUyNnV0bV9jYW1wYWlnbiUzZDU2OTY1MDgwNSUyNnV0bV9zb3VyY2UlM2QyQUIwOCUyNnV0bV90ZXJtJTNkb2JhbWFjYXJlJTI2dXRtX2NvbnRlbnQlM2Q3MzQ2MTQ0MDYzMjMxMiUyNm5ldHdvcmslM2RvJTI2YWRHcm91cGlkJTNkMTE3NTM3OTc2ODM0NTAyNyUyNmtleXdvcmQlM2RvYmFtYWNhcmUlMjZhY2NvdW50X2lkJTNkMzA1Mjk3MSUyNm1zY2xraWQlM2RhYjcwNDYxZGVhNGUxYmYwMjgyMTJmMGVhZTIyMzgxNA&rlid=ab70461dea4e1bf028212f0eae223814
Obamacare,Apply for Obamacare Online - Affordable Health Marketplace,https://www.bing.com/aclick?ld=e8vx5AjtqviO_slSoPkY8E6zVUCUwL5BFzxuW8zgUFLeNJ_RJhaTP5kG20FqRyJwq2Nlfifd8ycSNDZVbohump3jvyRM8uQvTKXkE-dETY0Ci6Yy-8vpmqZP1phpp_fYyYOBxw9PLgYjFy_RKzhb90_3SEwwq82wWJpsNDo3oBIg4_X1IZPllvXWe05KIInrNtf1UObxBkL7GAjpKzk8iQCfocZsk&u=aHR0cHMlM2ElMmYlMmZvYmFtYWNhcmUtYXBwbGljYXRpb24ub3JnJTNmaWQzJTNkYmI1NzI2ZGQ1YmViMTY0YzM0MDg0ZmNlMWY4Nzk2MWIlMjZtc2Nsa2lkJTNkYmI1NzI2ZGQ1YmViMTY0YzM0MDg0ZmNlMWY4Nzk2MWIlMjZ1dG1fc291cmNlJTNkYmluZyUyNnV0bV9tZWRpdW0lM2RjcGMlMjZ1dG1fY2FtcGFpZ24lM2RJbGxpbm9pcyUyNTIwJTI1N0MlMjUyMFNlYXJjaCUyNTIwJTI1N0MlMjUyMERlc2t0b3AlMjUyMCUyNTdDJTI1MjBNYXglMjUyMGNvbnYlMjUyMCUyNTdDJTI1MjBOZXclMjZ1dG1fdGVybSUzZG9iYW1hY2FyZSUyNnV0bV9jb250ZW50JTNkQUNBJTI1MjAlMjUyNiUyNTIwT2JhbWFjYXJl&rlid=bb5726dd5beb164c34084fce1f87961b
Obamacare,Discover Obamacare - Get Covered Today,https://www.bing.com/aclick?ld=e8ecKbpmg-2pnPTiy9PX9ukTVUCUxraddXaOIOWUHje-sYYSmrOl9VjyLE5ucJIfG9SUmyCjgAT2k5TEKmzIqf3j1PHBzivvgAhfQoZDPHj6YOO_7OWNYPSe8qOIQfdHau2khHrBgiuIzinswiFlEeJ327n8cmq1LYFP5bZ92hhif1k4ZS6TVoRPp9UPny5uJQucIJ7oCBRcvA66J8Y2Xvrhi5WWA&u=aHR0cHMlM2ElMmYlMmZoZWFsdGgtZW5yb2xsbWVudC5jb20lMmYlM2ZzdWJpZCUzZDJBQjA4JTI2cGxhY2VtZW50JTNka3dkLTczODA1MjUyNDA3NzE5JTNhbG9jLTQwOTUlMjZjbGljayUzZDljYjA1NTA0MzIyZTE2OGQyZmY4M2MxNzc2NDI1NTlmJTI2dXRtX3NvdXJjZV9wbGF0Zm9ybSUzZGJpbmclMjZ1dG1fbWVkaXVtJTNkMTE4MDg3NzM0NjI5NjIxNiUyNnV0bV9jYW1wYWlnbiUzZDU2OTc3MjQxNyUyNnV0bV9zb3VyY2UlM2QyQUIwOCUyNnV0bV90ZXJtJTNkb2JhbWFjYXJlJTI2dXRtX2NvbnRlbnQlM2Q3MzgwNTA0Mjc3OTM0MiUyNm5ldHdvcmslM2RvJTI2YWRHcm91cGlkJTNkMTE4MDg3NzM0NjI5NjIxNiUyNmtleXdvcmQlM2RvYmFtYWNhcmUlMjZhY2NvdW50X2lkJTNkMTM4MDA1NjY3JTI2bXNjbGtpZCUzZDljYjA1NTA0MzIyZTE2OGQyZmY4M2MxNzc2NDI1NTlm&rlid=9cb05504322e168d2ff83c177642559f
Obamacare,How to get insurance through the ACA Health Insurance ... Affordable Care Act - Wikipedia Is Obamacare ending? What government shutdown deal ... - MSN Home [getcovered.illinois.gov] What is Obamacare (Affordable Care Act) Marketplace coverage? Affordable Care Act - Wikipedia What is Obamacare (Affordable Care Act) Marketplace coverage? What is Obamacare (Affordable Care Act) Marketplace coverage? Affordable Care Act - Wikipedia Affordable Care Act - Wikipedia What is Obamacare (Affordable Care Act) Marketplace coverage? What the End of Obamacare Subsidies Could Mean for Your ...,https://www.usa.gov/health-insurance-marketplace
Obamacare,What is Obamacare (Affordable Care Act) Marketplace coverage?,https://www.healthinsurance.org/obamacare/
Obamacare,Obamacare Open Enrollment - Open Enrollment is Here,https://www.bing.com/aclick?ld=e8gvQY8uGigf5Zitt3ibgJWjVUCUx5PVHHGpednBVgMTBxYpyltaoPqHqi2Y8e8_ctVg_IHsP69xT9aQWML_tC9o4lSsvx9DT96c0Jp8AJzcft-ocbmXcm2FXoMRXmgrEwU1JO5_-U75b2hAZOWRCL5RDybxO-xM--a0efbSUyqN5hIl--fOWC9DMjsb9I_EI5aXaJDTfPvMTyo8TI_JB4bsuUGLU&u=aHR0cHMlM2ElMmYlMmZ3d3cuZ2V0bWVoZWFsdGhpbnN1cmFuY2Uub3JnJTJmdjMlMmZzaG9wb2JhbWFjYXJlaGVhbHRoJTJmJTNmdXRtX3NvdXJjZSUzZGJpbmclMjZ1dG1fbWVkaXVtJTNkY3BjJTI2dXRtX2NhbXBhaWduJTNkYmluZ19PYmFtYWNhcmUlMjZ1dG1fY2FtcGFpZ25pZCUzZDQwNTE4NjA4NiUyNnV0bV9hZGdyb3VwaWQlM2QxMjY5OTM3NTk4OTUwNzkzJTI2dXRtX2tleXdvcmQlM2RvYmFtYWNhcmUlMjZ1dG1fbWF0Y2h0eXBlJTNkZSUyNnV0bV9hZGlkJTNkNzkzNzEyMDgwNTk1NDQlMjZ1dG1fZGV2aWNlJTNkYyUyNnV0bV9jaWQlM2QxZmVhMWU5NzM4NjMxNjEzYWEwMzc3ODQ3YzBmZWE1YiUyNm1zY2xraWQlM2QxZmVhMWU5NzM4NjMxNjEzYWEwMzc3ODQ3YzBmZWE1Yg&rlid=1fea1e9738631613aa0377847c0fea5b
Obamacare,Obamacare Open Enrollment - Enroll Open Enrollment Today,https://www.bing.com/aclick?ld=e85WtGMoIFiti9Nr9UQjB5AjVUCUyBmD_2hJX8kxLPADijjsmPqNX3-yh8czabBmiDsSbHTfBmQ6jl_oocXcXvjwJD25yDHJ3tQbrHzJOxxGlRq6qdmylvAg8h1pdh-CTpp-Pi_Y6vn5LcSkPH-sGr7efzhHcNOPyPT1tCTd5tQac2BW-5oAdcV3FYzNyYGwUX4MobIG7HRFILIK_Z-OT30DTeY2Y&u=aHR0cHMlM2ElMmYlMmZ3d3cuaGVhbHRoLXBsYW4tZW5yb2xsbWVudC5jb20lMmZ2MyUyZnNob3BvYmFtYWNhcmUlMmYlM2Z1dG1fc291cmNlJTNkYmluZyUyNnV0bV9tZWRpdW0lM2RjcGMlMjZ1dG1fY2FtcGFpZ24lM2RiaW5nX09iYW1hY2FyZSUyNnV0bV9jYW1wYWlnbmlkJTNkNDA1MTg2MTg0JTI2dXRtX2FkZ3JvdXBpZCUzZDEyNjg4MzgwNjIzNzM0MzIlMjZ1dG1fa2V5d29yZCUzZG9iYW1hY2FyZSUyNnV0bV9tYXRjaHR5cGUlM2RlJTI2dXRtX2FkaWQlM2Q3OTMwMjQ4OTMwMTU4MCUyNnV0bV9kZXZpY2UlM2RjJTI2dXRtX2NpZCUzZDk1MjUzNWEzYTllZDE5ZTMyYTkwNWNiMGVkODExZDJiJTI2bXNjbGtpZCUzZDk1MjUzNWEzYTllZDE5ZTMyYTkwNWNiMGVkODExZDJi&rlid=952535a3a9ed19e32a905cb0ed811d2b
Jordan Love,Jordan Love,https://en.wikipedia.org/wiki/Jordan_Love
Jordan Love,Jordan Love - Green Bay Packers Quarterback - ESPN,https://www.espn.com/nfl/player/_/id/4036378/jordan-love
Jordan Love,"Jordan Love Stats, Height, Weight... | Pro-Football-Reference.com",https://www.pro-football-reference.com/players/L/LoveJo03.htm
Jordan Love,Jordan Love injury update: ESPN reveals issue ailing Packers ...,https://www.on3.com/pro/news/jordan-love-injury-update-espn-reveals-issue-ailing-packers-quarterback-versus-eagles/
Jordan Love,Jordan Love 's Wife Made Career Move Close to Football - MSN,https://www.msn.com/en-us/sports/nfl/jordan-loves-wife-made-career-move-close-to-football/ar-AA1Qba8u
Jordan Love,"Jordan Love Stats, News and Video - QB | NFL.com",https://www.nfl.com/players/jordan-love/
Jordan Love,Jordan Love 's Wife Is The Daughter Of A Two-Time... - Yahoo Sports,https://sports.yahoo.com/article/jordan-loves-wife-daughter-two-231500676.html
Jordan Love,Jordan Love : 'That mindset is just going 1-0',https://www.packers.com/video/jordan-love-that-mindset-is-just-going-1-0-nov-6-2025
Jordan Love,Jordan Love Loves One Style; Defenses Won’t Let Him Play It,https://www.si.com/nfl/packers/onsi/jordan-love-loves-one-style-opponents-wont-let-him-play
Jordan Love,How Jordan Love is turning the Packers into a Super Bowl Favorite,https://castbox.fm/episode/How-Jordan-Love-is-turning-the-Packers-into-a-Super-Bowl-Favorite-id6596552-id860611473
Jordan Love,"NFL Reacts to Postgame Handshake Between Jalen Hurts, Jordan Love",https://athlonsports.com/nfl/nfl-reacts-postgame-handshake-jalen-hurts-jordan-love-packers-eagles
Jordan Love,Troy Aikman just said the quiet part out loud about Jordan Love on MNF,https://lombardiave.com/troy-aikman-just-said-quiet-part-out-loud-about-jordan-love-mnf
Jordan Love,Love Is Blind's Jordan Says He Was Ready to Marry Sparkle,https://www.dailymotion.com/video/x9t0fru
Jordan Love,Jordan Love's Legacy: Can He Surpass Rodgers & Favre,https://www.dailymotion.com/video/x9344sc
Jordan Love,"Jordan Love Fantasy Football News, Rankings, Projections |",https://www.fantasypros.com/nfl/players/jordan-love.php
Jordan Love,Jordan Love will be an all-time great - by Tyler Dunne,https://www.golongtd.com/p/jordan-love-will-be-an-all-time-great
Jordan Love,57 Best Jordan Love Fantasy Football Team Names (2024),https://www.sportsfeelgoodstories.com/jordan-love-fantasy-football-names/
Jordan Love,Jordan Love Needs to Walk the Fine Line Between Daring and,https://cheeseheadtv.com/blog/jordan-love-needs-to-walk-the-fine-line-between-daring-and-foolish-327
Jordan Love,Jordan Love’s Key Areas of Focus for 2024 NFL Draft,https://totalpackers.com/2024/04/jordan-love-2024-nfl-draft/
Jordan Love,Who Is Jordan Love's Fiancée Ronika Stone?,https://www.cheatsheet.com/news/jordan-love-girlfriend-ronika-stone.html/
Pond,Walden Pond - Wikipedia,https://en.wikipedia.org/wiki/Walden_Pond
Pond,The Boston Common Frog Pond,https://bostonfrogpond.com/
